{
	"Registration Data"	: 
	[
		{
			"FirstName"   : "Aditya Kumar",
			"LastName"    : "Roy",
			"Phone"       : "7589698874",
			"Email"		  : "aditya@test.com",
			"Address"     : "337 pentagan street",
			"City"        : "Amstalveen",
			"Province"    : "North Holland",
			"Postal Code" : "11801189",
			"Country"     : "NETHERLANDS",
			"UserID"   	  : "Aditya@74",
  			"Password" 	  : "Test12345",
  			"ConPassword" : "Test12345"
  		},
  		{
  			"FirstName"   : "Preety",
			"LastName"    : "Kakkar",
			"Phone"       : "2225556669",
			"Email"		  : "preety@test.com",
			"Address"     : "22 Avenue circular road",
			"City"        : "Hilversum",
			"Province"    : "North Holland",
			"Postal Code" : "12001233",
			"Country"     : "NETHERLANDS",
  			"UserID"   	  : "Preety@69",
  			"Password" 	  : "Test@4123",
  			"ConPassword" : "Test@4123"
  		},
  		
  		{
			"FirstName"   : "Hitesh",
			"LastName"    : "Moharle",
			"Phone"       : "1234567890",
			"Email"		  : "hmtest@test.com",
			"Address"     : "SB road, Pune",
			"City"        : "Pune",
			"Province"    : "Maharashtra",
			"Postal Code" : "411036",
			"Country"     : "INDIA",
			"UserID"   	  : "Hitesh@74",
  			"Password" 	  : "Hitesh12345",
  			"ConPassword" : "Hitesh12345"
  		}
  	]		
 }
  
  
